{
  "config": "{\"version\":\"5.60\",\"themeCollection\":{\"baseTheme\":{\"name\":\"Simple Header - Blue w Visuals\",\"version\":\"5.45\",\"type\":2}},\"activeSectionIndex\":0,\"defaultDrillFilterOtherVisuals\":true,\"linguisticSchemaSyncVersion\":0,\"settings\":{\"useNewFilterPaneExperience\":true,\"allowChangeFilterTypes\":true,\"useStylableVisualContainerHeader\":true,\"queryLimitOption\":6,\"useEnhancedTooltips\":true,\"exportDataMode\":1,\"useDefaultAggregateDisplayName\":true},\"objects\":{\"section\":[{\"properties\":{\"verticalAlignment\":{\"expr\":{\"Literal\":{\"Value\":\"'Normal'\"}}}}}]}}",
  "layoutOptimization": 0,
  "resourcePackages": [
    {
      "resourcePackage": {
        "disabled": false,
        "items": [
          {
            "name": "Cut-Bottom-Round.svg",
            "path": "Cut-Bottom-Round.svg",
            "type": 100
          },
          {
            "name": "Cut-Bottom-Square.svg",
            "path": "Cut-Bottom-Square.svg",
            "type": 100
          },
          {
            "name": "Cut-Left-Round.svg",
            "path": "Cut-Left-Round.svg",
            "type": 100
          },
          {
            "name": "Cut-Left-Square.svg",
            "path": "Cut-Left-Square.svg",
            "type": 100
          },
          {
            "name": "Cut-Right-Round.svg",
            "path": "Cut-Right-Round.svg",
            "type": 100
          },
          {
            "name": "Cut-Right-Square.svg",
            "path": "Cut-Right-Square.svg",
            "type": 100
          },
          {
            "name": "Overview.svg",
            "path": "Overview.svg",
            "type": 100
          },
          {
            "name": "toy-teddy-bear-baby-svgrepo-co9592761918654031.png",
            "path": "toy-teddy-bear-baby-svgrepo-co9592761918654031.png",
            "type": 100
          }
        ],
        "name": "RegisteredResources",
        "type": 1
      }
    },
    {
      "resourcePackage": {
        "disabled": false,
        "items": [
          {
            "name": "Simple Header - Blue w Visuals",
            "path": "BaseThemes/Simple Header - Blue w Visuals.json",
            "type": 202
          }
        ],
        "name": "SharedResources",
        "type": 2
      }
    }
  ],
  "sections": [
    {
      "config": "{}",
      "displayName": "Page 1",
      "displayOption": 1,
      "filters": "[]",
      "height": 720.00,
      "name": "1e0bf1f081de294bf5d6",
      "ordinal": 7,
      "visualContainers": [],
      "width": 1280.00
    },
    {
      "config": "{\"objects\":{\"background\":[{\"properties\":{\"image\":{\"image\":{\"name\":{\"expr\":{\"Literal\":{\"Value\":\"'Overview'\"}}},\"url\":{\"expr\":{\"ResourcePackageItem\":{\"PackageName\":\"RegisteredResources\",\"PackageType\":1,\"ItemName\":\"Overview.svg\"}}},\"scaling\":{\"expr\":{\"Literal\":{\"Value\":\"'Fit'\"}}}}},\"transparency\":{\"expr\":{\"Literal\":{\"Value\":\"0D\"}}},\"color\":{\"solid\":{\"color\":{\"expr\":{\"Literal\":{\"Value\":\"'#d2d2d2'\"}}}}}}}]}}",
      "displayName": "Overview",
      "displayOption": 1,
      "filters": "[]",
      "height": 720.00,
      "name": "ReportSection",
      "visualContainers": [
        {
          "config": "{\"name\":\"508612bd133b8569c1aa\",\"layouts\":[{\"id\":0,\"position\":{\"x\":57.635467980295566,\"y\":25.714285714285715,\"z\":3000,\"width\":42.5615763546798,\"height\":46.995073891625616,\"tabOrder\":3000}}],\"singleVisual\":{\"visualType\":\"image\",\"drillFilterOtherVisuals\":true,\"objects\":{\"general\":[{\"properties\":{\"imageUrl\":{\"expr\":{\"ResourcePackageItem\":{\"PackageName\":\"RegisteredResources\",\"PackageType\":1,\"ItemName\":\"toy-teddy-bear-baby-svgrepo-co9592761918654031.png\"}}}}}]}},\"howCreated\":\"InsertVisualButton\"}",
          "filters": "[]",
          "height": 47.00,
          "width": 42.56,
          "x": 57.64,
          "y": 25.71,
          "z": 3000.00
        },
        {
          "config": "{\"name\":\"df364c6d0a936112af38\",\"layouts\":[{\"id\":0,\"position\":{\"x\":198.6206896551724,\"y\":37.241379310344826,\"z\":2000,\"width\":449.5566502463054,\"height\":43.44827586206897,\"tabOrder\":2000}}],\"singleVisual\":{\"visualType\":\"textbox\",\"drillFilterOtherVisuals\":true,\"objects\":{\"general\":[{\"properties\":{\"paragraphs\":[{\"textRuns\":[{\"value\":\"oy Company Sales:\",\"textStyle\":{\"color\":\"#d0eef7\"}},{\"value\":\" \",\"textStyle\":{\"fontSize\":\"12pt\",\"color\":\"#b9e5f3\"}},{\"value\":\"2023 \",\"textStyle\":{\"fontWeight\":\"bold\",\"fontFamily\":\"Segoe UI\",\"fontSize\":\"12pt\",\"color\":\"#ffffff\"}},{\"value\":\"Performance Report\",\"textStyle\":{\"fontWeight\":\"bold\",\"fontFamily\":\"Segoe UI\",\"fontSize\":\"14pt\",\"color\":\"#ffffff\"}}]}]}}]}}}",
          "filters": "[]",
          "height": 43.45,
          "width": 449.56,
          "x": 198.62,
          "y": 37.24,
          "z": 2000.00
        },
        {
          "config": "{\"name\":\"tableEx60693288473425000\",\"layouts\":[{\"id\":0,\"position\":{\"x\":10,\"y\":88,\"z\":1000,\"width\":1253,\"height\":616,\"tabOrder\":1000}}],\"singleVisual\":{\"visualType\":\"tableEx\",\"drillFilterOtherVisuals\":true,\"vcObjects\":{\"background\":[{\"properties\":{\"color\":{\"solid\":{\"color\":{\"expr\":{\"Literal\":{\"Value\":\"'#ffffff'\"}}}}},\"transparency\":{\"expr\":{\"Literal\":{\"Value\":\"0D\"}}},\"show\":{\"expr\":{\"Literal\":{\"Value\":\"false\"}}}}}]}}}",
          "height": 616.00,
          "width": 1253.00,
          "x": 10.00,
          "y": 88.00,
          "z": 1000.00
        },
        {
          "config": "{\"name\":\"textbox25906620370638251\",\"layouts\":[{\"id\":0,\"position\":{\"x\":10,\"y\":10,\"z\":0,\"width\":180,\"height\":50,\"tabOrder\":0}}],\"singleVisual\":{\"visualType\":\"textbox\",\"drillFilterOtherVisuals\":true,\"objects\":{\"general\":[{\"properties\":{\"paragraphs\":[{\"textRuns\":[{\"value\":\"\"}]}]}}]}}}",
          "height": 50.00,
          "width": 180.00,
          "x": 10.00,
          "y": 10.00,
          "z": 0.00
        }
      ],
      "width": 1280.00
    },
    {
      "config": "{\"objects\":{\"background\":[{\"properties\":{\"image\":{\"image\":{\"name\":{\"expr\":{\"Literal\":{\"Value\":\"'Cut-Bottom-Square'\"}}},\"url\":{\"expr\":{\"ResourcePackageItem\":{\"PackageName\":\"RegisteredResources\",\"PackageType\":1,\"ItemName\":\"Cut-Bottom-Square.svg\"}}},\"scaling\":{\"expr\":{\"Literal\":{\"Value\":\"'Fit'\"}}}}},\"transparency\":{\"expr\":{\"Literal\":{\"Value\":\"0D\"}}},\"color\":{\"solid\":{\"color\":{\"expr\":{\"Literal\":{\"Value\":\"'#d2d2d2'\"}}}}}}}]}}",
      "displayName": "Cut Bottom Square",
      "displayOption": 1,
      "filters": "[]",
      "height": 720.00,
      "name": "ReportSection",
      "ordinal": 1,
      "visualContainers": [
        {
          "config": "{\"name\":\"columnChart40714413705690915\",\"layouts\":[{\"id\":0,\"position\":{\"x\":15,\"y\":413,\"z\":0,\"width\":1252,\"height\":282,\"tabOrder\":0}}],\"singleVisual\":{\"visualType\":\"columnChart\",\"drillFilterOtherVisuals\":true,\"vcObjects\":{\"background\":[{\"properties\":{\"color\":{\"solid\":{\"color\":{\"expr\":{\"Literal\":{\"Value\":\"'#ffffff'\"}}}}},\"transparency\":{\"expr\":{\"Literal\":{\"Value\":\"0D\"}}},\"show\":{\"expr\":{\"Literal\":{\"Value\":\"false\"}}}}}]}}}",
          "height": 282.00,
          "width": 1252.00,
          "x": 15.00,
          "y": 413.00,
          "z": 0.00
        },
        {
          "config": "{\"name\":\"columnChart68175019960839979\",\"layouts\":[{\"id\":0,\"position\":{\"x\":15,\"y\":92,\"z\":1000,\"width\":1252,\"height\":282,\"tabOrder\":1000}}],\"singleVisual\":{\"visualType\":\"columnChart\",\"drillFilterOtherVisuals\":true,\"vcObjects\":{\"background\":[{\"properties\":{\"color\":{\"solid\":{\"color\":{\"expr\":{\"Literal\":{\"Value\":\"'#ffffff'\"}}}}},\"transparency\":{\"expr\":{\"Literal\":{\"Value\":\"0D\"}}},\"show\":{\"expr\":{\"Literal\":{\"Value\":\"false\"}}}}}]}}}",
          "height": 282.00,
          "width": 1252.00,
          "x": 15.00,
          "y": 92.00,
          "z": 1000.00
        },
        {
          "config": "{\"name\":\"textbox25367743966851042\",\"layouts\":[{\"id\":0,\"position\":{\"x\":10,\"y\":10,\"z\":2000,\"width\":180,\"height\":50,\"tabOrder\":2000}}],\"singleVisual\":{\"visualType\":\"textbox\",\"drillFilterOtherVisuals\":true,\"objects\":{\"general\":[{\"properties\":{\"paragraphs\":[{\"textRuns\":[{\"value\":\"\",\"textStyle\":{\"fontFamily\":\"Arial\",\"fontSize\":\"11pt\",\"fontWeight\":\"normal\",\"color\":\"#000000\",\"textDecoration\":\"none\",\"fontStyle\":\"normal\"}}]}]}}]}}}",
          "height": 50.00,
          "width": 180.00,
          "x": 10.00,
          "y": 10.00,
          "z": 2000.00
        }
      ],
      "width": 1280.00
    },
    {
      "config": "{\"objects\":{\"background\":[{\"properties\":{\"image\":{\"image\":{\"name\":{\"expr\":{\"Literal\":{\"Value\":\"'Cut-Left-Square'\"}}},\"url\":{\"expr\":{\"ResourcePackageItem\":{\"PackageName\":\"RegisteredResources\",\"PackageType\":1,\"ItemName\":\"Cut-Left-Square.svg\"}}},\"scaling\":{\"expr\":{\"Literal\":{\"Value\":\"'Fit'\"}}}}},\"transparency\":{\"expr\":{\"Literal\":{\"Value\":\"0D\"}}},\"color\":{\"solid\":{\"color\":{\"expr\":{\"Literal\":{\"Value\":\"'#d2d2d2'\"}}}}}}}]}}",
      "displayName": "Cut Left Square",
      "displayOption": 1,
      "filters": "[]",
      "height": 720.00,
      "name": "ReportSection",
      "ordinal": 2,
      "visualContainers": [
        {
          "config": "{\"name\":\"cardVisual77894417017832339\",\"layouts\":[{\"id\":0,\"position\":{\"x\":20,\"y\":97,\"z\":0,\"width\":386,\"height\":597,\"tabOrder\":0}}],\"singleVisual\":{\"visualType\":\"cardVisual\",\"drillFilterOtherVisuals\":true,\"vcObjects\":{\"background\":[{\"properties\":{\"color\":{\"solid\":{\"color\":{\"expr\":{\"Literal\":{\"Value\":\"'#ffffff'\"}}}}},\"transparency\":{\"expr\":{\"Literal\":{\"Value\":\"0D\"}}},\"show\":{\"expr\":{\"Literal\":{\"Value\":\"false\"}}}}}]}}}",
          "height": 597.00,
          "width": 386.00,
          "x": 20.00,
          "y": 97.00,
          "z": 0.00
        },
        {
          "config": "{\"name\":\"scatterChart39434532161812740\",\"layouts\":[{\"id\":0,\"position\":{\"x\":442,\"y\":99,\"z\":1000,\"width\":821,\"height\":593,\"tabOrder\":1000}}],\"singleVisual\":{\"visualType\":\"scatterChart\",\"drillFilterOtherVisuals\":true,\"vcObjects\":{\"background\":[{\"properties\":{\"color\":{\"solid\":{\"color\":{\"expr\":{\"Literal\":{\"Value\":\"'#ffffff'\"}}}}},\"transparency\":{\"expr\":{\"Literal\":{\"Value\":\"0D\"}}},\"show\":{\"expr\":{\"Literal\":{\"Value\":\"false\"}}}}}]}}}",
          "height": 593.00,
          "width": 821.00,
          "x": 442.00,
          "y": 99.00,
          "z": 1000.00
        },
        {
          "config": "{\"name\":\"textbox18009761447674361\",\"layouts\":[{\"id\":0,\"position\":{\"x\":10,\"y\":10,\"z\":2000,\"width\":180,\"height\":50,\"tabOrder\":2000}}],\"singleVisual\":{\"visualType\":\"textbox\",\"drillFilterOtherVisuals\":true,\"objects\":{\"general\":[{\"properties\":{\"paragraphs\":[{\"textRuns\":[{\"value\":\"\",\"textStyle\":{\"fontFamily\":\"Arial\",\"fontSize\":\"11pt\",\"fontWeight\":\"normal\",\"color\":\"#000000\",\"textDecoration\":\"none\",\"fontStyle\":\"normal\"}}]}]}}]}}}",
          "height": 50.00,
          "width": 180.00,
          "x": 10.00,
          "y": 10.00,
          "z": 2000.00
        }
      ],
      "width": 1280.00
    },
    {
      "config": "{\"objects\":{\"background\":[{\"properties\":{\"image\":{\"image\":{\"name\":{\"expr\":{\"Literal\":{\"Value\":\"'Cut-Right-Square'\"}}},\"url\":{\"expr\":{\"ResourcePackageItem\":{\"PackageName\":\"RegisteredResources\",\"PackageType\":1,\"ItemName\":\"Cut-Right-Square.svg\"}}},\"scaling\":{\"expr\":{\"Literal\":{\"Value\":\"'Fit'\"}}}}},\"transparency\":{\"expr\":{\"Literal\":{\"Value\":\"0D\"}}},\"color\":{\"solid\":{\"color\":{\"expr\":{\"Literal\":{\"Value\":\"'#d2d2d2'\"}}}}}}}]}}",
      "displayName": "Cut Right Square",
      "displayOption": 1,
      "filters": "[]",
      "height": 720.00,
      "name": "ReportSection",
      "ordinal": 3,
      "visualContainers": [
        {
          "config": "{\"name\":\"cardVisual69133820110588467\",\"layouts\":[{\"id\":0,\"position\":{\"x\":884,\"y\":92,\"z\":1000,\"width\":366,\"height\":604,\"tabOrder\":1000}}],\"singleVisual\":{\"visualType\":\"cardVisual\",\"drillFilterOtherVisuals\":true,\"vcObjects\":{\"background\":[{\"properties\":{\"color\":{\"solid\":{\"color\":{\"expr\":{\"Literal\":{\"Value\":\"'#ffffff'\"}}}}},\"transparency\":{\"expr\":{\"Literal\":{\"Value\":\"0D\"}}},\"show\":{\"expr\":{\"Literal\":{\"Value\":\"false\"}}}}}]}}}",
          "height": 604.00,
          "width": 366.00,
          "x": 884.00,
          "y": 92.00,
          "z": 1000.00
        },
        {
          "config": "{\"name\":\"filledMap29774334425306651\",\"layouts\":[{\"id\":0,\"position\":{\"x\":16,\"y\":92,\"z\":0,\"width\":820,\"height\":603,\"tabOrder\":0}}],\"singleVisual\":{\"visualType\":\"filledMap\",\"drillFilterOtherVisuals\":true,\"objects\":{\"dataPoint\":[{\"properties\":{\"fillRule\":{\"linearGradient2\":{\"min\":{\"color\":{\"expr\":{\"Literal\":{\"Value\":\"'minColor'\"}}}},\"max\":{\"color\":{\"expr\":{\"Literal\":{\"Value\":\"'maxColor'\"}}}},\"nullColoringStrategy\":{\"strategy\":{\"expr\":{\"Literal\":{\"Value\":\"'asZero'\"}}}}}}}}]},\"vcObjects\":{\"background\":[{\"properties\":{\"color\":{\"solid\":{\"color\":{\"expr\":{\"Literal\":{\"Value\":\"'#ffffff'\"}}}}},\"transparency\":{\"expr\":{\"Literal\":{\"Value\":\"0D\"}}},\"show\":{\"expr\":{\"Literal\":{\"Value\":\"false\"}}}}}]}}}",
          "height": 603.00,
          "width": 820.00,
          "x": 16.00,
          "y": 92.00,
          "z": 0.00
        },
        {
          "config": "{\"name\":\"textbox82648236514074536\",\"layouts\":[{\"id\":0,\"position\":{\"x\":10,\"y\":10,\"z\":2000,\"width\":180,\"height\":50,\"tabOrder\":2000}}],\"singleVisual\":{\"visualType\":\"textbox\",\"drillFilterOtherVisuals\":true,\"objects\":{\"general\":[{\"properties\":{\"paragraphs\":[{\"textRuns\":[{\"value\":\"\",\"textStyle\":{\"fontFamily\":\"Arial\",\"fontSize\":\"11pt\",\"fontWeight\":\"normal\",\"color\":\"#000000\",\"textDecoration\":\"none\",\"fontStyle\":\"normal\"}}]}]}}]}}}",
          "height": 50.00,
          "width": 180.00,
          "x": 10.00,
          "y": 10.00,
          "z": 2000.00
        }
      ],
      "width": 1280.00
    },
    {
      "config": "{\"objects\":{\"background\":[{\"properties\":{\"image\":{\"image\":{\"name\":{\"expr\":{\"Literal\":{\"Value\":\"'Cut-Bottom-Round'\"}}},\"url\":{\"expr\":{\"ResourcePackageItem\":{\"PackageName\":\"RegisteredResources\",\"PackageType\":1,\"ItemName\":\"Cut-Bottom-Round.svg\"}}},\"scaling\":{\"expr\":{\"Literal\":{\"Value\":\"'Fit'\"}}}}},\"transparency\":{\"expr\":{\"Literal\":{\"Value\":\"0D\"}}},\"color\":{\"solid\":{\"color\":{\"expr\":{\"Literal\":{\"Value\":\"'#d2d2d2'\"}}}}}}}]}}",
      "displayName": "Cut Bottom Round",
      "displayOption": 1,
      "filters": "[]",
      "height": 720.00,
      "name": "ReportSection",
      "ordinal": 4,
      "visualContainers": [
        {
          "config": "{\"name\":\"columnChart91709828189837755\",\"layouts\":[{\"id\":0,\"position\":{\"x\":26,\"y\":92,\"z\":2000,\"width\":1225,\"height\":288,\"tabOrder\":2000}}],\"singleVisual\":{\"visualType\":\"columnChart\",\"drillFilterOtherVisuals\":true,\"vcObjects\":{\"background\":[{\"properties\":{\"color\":{\"solid\":{\"color\":{\"expr\":{\"Literal\":{\"Value\":\"'#ffffff'\"}}}}},\"transparency\":{\"expr\":{\"Literal\":{\"Value\":\"0D\"}}},\"show\":{\"expr\":{\"Literal\":{\"Value\":\"false\"}}}}}]}}}",
          "height": 288.00,
          "width": 1225.00,
          "x": 26.00,
          "y": 92.00,
          "z": 2000.00
        },
        {
          "config": "{\"name\":\"tableEx35138930740511744\",\"layouts\":[{\"id\":0,\"position\":{\"x\":534,\"y\":401,\"z\":1000,\"width\":723,\"height\":297,\"tabOrder\":1000}}],\"singleVisual\":{\"visualType\":\"tableEx\",\"drillFilterOtherVisuals\":true,\"vcObjects\":{\"background\":[{\"properties\":{\"color\":{\"solid\":{\"color\":{\"expr\":{\"Literal\":{\"Value\":\"'#ffffff'\"}}}}},\"transparency\":{\"expr\":{\"Literal\":{\"Value\":\"0D\"}}},\"show\":{\"expr\":{\"Literal\":{\"Value\":\"false\"}}}}}]}}}",
          "height": 297.00,
          "width": 723.00,
          "x": 534.00,
          "y": 401.00,
          "z": 1000.00
        },
        {
          "config": "{\"name\":\"textbox37358812575820088\",\"layouts\":[{\"id\":0,\"position\":{\"x\":10,\"y\":10,\"z\":3000,\"width\":180,\"height\":50,\"tabOrder\":3000}}],\"singleVisual\":{\"visualType\":\"textbox\",\"drillFilterOtherVisuals\":true,\"objects\":{\"general\":[{\"properties\":{\"paragraphs\":[{\"textRuns\":[{\"value\":\"\",\"textStyle\":{\"fontFamily\":\"Arial\",\"fontSize\":\"11pt\",\"fontWeight\":\"normal\",\"color\":\"#000000\",\"textDecoration\":\"none\",\"fontStyle\":\"normal\"}}]}]}}]}}}",
          "height": 50.00,
          "width": 180.00,
          "x": 10.00,
          "y": 10.00,
          "z": 3000.00
        },
        {
          "config": "{\"name\":\"treemap22552850551840224\",\"layouts\":[{\"id\":0,\"position\":{\"x\":26,\"y\":401,\"z\":0,\"width\":488,\"height\":295,\"tabOrder\":0}}],\"singleVisual\":{\"visualType\":\"treemap\",\"drillFilterOtherVisuals\":true,\"vcObjects\":{\"background\":[{\"properties\":{\"color\":{\"solid\":{\"color\":{\"expr\":{\"Literal\":{\"Value\":\"'#ffffff'\"}}}}},\"transparency\":{\"expr\":{\"Literal\":{\"Value\":\"0D\"}}},\"show\":{\"expr\":{\"Literal\":{\"Value\":\"false\"}}}}}]}}}",
          "height": 295.00,
          "width": 488.00,
          "x": 26.00,
          "y": 401.00,
          "z": 0.00
        }
      ],
      "width": 1280.00
    },
    {
      "config": "{\"objects\":{\"background\":[{\"properties\":{\"image\":{\"image\":{\"name\":{\"expr\":{\"Literal\":{\"Value\":\"'Cut-Left-Round'\"}}},\"url\":{\"expr\":{\"ResourcePackageItem\":{\"PackageName\":\"RegisteredResources\",\"PackageType\":1,\"ItemName\":\"Cut-Left-Round.svg\"}}},\"scaling\":{\"expr\":{\"Literal\":{\"Value\":\"'Fit'\"}}}}},\"transparency\":{\"expr\":{\"Literal\":{\"Value\":\"0D\"}}},\"color\":{\"solid\":{\"color\":{\"expr\":{\"Literal\":{\"Value\":\"'#d2d2d2'\"}}}}}}}]}}",
      "displayName": "Cut Left Round",
      "displayOption": 1,
      "filters": "[]",
      "height": 720.00,
      "name": "ReportSection",
      "ordinal": 5,
      "visualContainers": [
        {
          "config": "{\"name\":\"advancedSlicerVisual97937652032222435\",\"layouts\":[{\"id\":0,\"position\":{\"x\":40,\"y\":96,\"z\":0,\"width\":366,\"height\":603,\"tabOrder\":0}}],\"singleVisual\":{\"visualType\":\"advancedSlicerVisual\",\"drillFilterOtherVisuals\":true,\"vcObjects\":{\"background\":[{\"properties\":{\"color\":{\"solid\":{\"color\":{\"expr\":{\"Literal\":{\"Value\":\"'#ffffff'\"}}}}},\"transparency\":{\"expr\":{\"Literal\":{\"Value\":\"0D\"}}},\"show\":{\"expr\":{\"Literal\":{\"Value\":\"false\"}}}}}]}}}",
          "height": 603.00,
          "width": 366.00,
          "x": 40.00,
          "y": 96.00,
          "z": 0.00
        },
        {
          "config": "{\"name\":\"tableEx72824527494454606\",\"layouts\":[{\"id\":0,\"position\":{\"x\":451,\"y\":96,\"z\":1000,\"width\":813,\"height\":604,\"tabOrder\":1000}}],\"singleVisual\":{\"visualType\":\"tableEx\",\"drillFilterOtherVisuals\":true,\"vcObjects\":{\"background\":[{\"properties\":{\"color\":{\"solid\":{\"color\":{\"expr\":{\"Literal\":{\"Value\":\"'#ffffff'\"}}}}},\"transparency\":{\"expr\":{\"Literal\":{\"Value\":\"0D\"}}},\"show\":{\"expr\":{\"Literal\":{\"Value\":\"false\"}}}}}]}}}",
          "height": 604.00,
          "width": 813.00,
          "x": 451.00,
          "y": 96.00,
          "z": 1000.00
        },
        {
          "config": "{\"name\":\"textbox75141660806356015\",\"layouts\":[{\"id\":0,\"position\":{\"x\":10,\"y\":10,\"z\":2000,\"width\":180,\"height\":50,\"tabOrder\":2000}}],\"singleVisual\":{\"visualType\":\"textbox\",\"drillFilterOtherVisuals\":true,\"objects\":{\"general\":[{\"properties\":{\"paragraphs\":[{\"textRuns\":[{\"value\":\"\",\"textStyle\":{\"fontFamily\":\"Arial\",\"fontSize\":\"11pt\",\"fontWeight\":\"normal\",\"color\":\"#000000\",\"textDecoration\":\"none\",\"fontStyle\":\"normal\"}}]}]}}]}}}",
          "height": 50.00,
          "width": 180.00,
          "x": 10.00,
          "y": 10.00,
          "z": 2000.00
        }
      ],
      "width": 1280.00
    },
    {
      "config": "{\"objects\":{\"background\":[{\"properties\":{\"image\":{\"image\":{\"name\":{\"expr\":{\"Literal\":{\"Value\":\"'Cut-Right-Round'\"}}},\"url\":{\"expr\":{\"ResourcePackageItem\":{\"PackageName\":\"RegisteredResources\",\"PackageType\":1,\"ItemName\":\"Cut-Right-Round.svg\"}}},\"scaling\":{\"expr\":{\"Literal\":{\"Value\":\"'Fit'\"}}}}},\"transparency\":{\"expr\":{\"Literal\":{\"Value\":\"0D\"}}},\"color\":{\"solid\":{\"color\":{\"expr\":{\"Literal\":{\"Value\":\"'#d2d2d2'\"}}}}}}}]}}",
      "displayName": "Cut Right Round",
      "displayOption": 1,
      "filters": "[]",
      "height": 720.00,
      "name": "ReportSection",
      "ordinal": 6,
      "visualContainers": [
        {
          "config": "{\"name\":\"cardVisual00106124455734190\",\"layouts\":[{\"id\":0,\"position\":{\"x\":877,\"y\":96,\"z\":1000,\"width\":366,\"height\":594,\"tabOrder\":1000}}],\"singleVisual\":{\"visualType\":\"cardVisual\",\"drillFilterOtherVisuals\":true,\"vcObjects\":{\"background\":[{\"properties\":{\"color\":{\"solid\":{\"color\":{\"expr\":{\"Literal\":{\"Value\":\"'#ffffff'\"}}}}},\"transparency\":{\"expr\":{\"Literal\":{\"Value\":\"0D\"}}},\"show\":{\"expr\":{\"Literal\":{\"Value\":\"false\"}}}}}]}}}",
          "height": 594.00,
          "width": 366.00,
          "x": 877.00,
          "y": 96.00,
          "z": 1000.00
        },
        {
          "config": "{\"name\":\"lineChart96932844456925771\",\"layouts\":[{\"id\":0,\"position\":{\"x\":16,\"y\":96,\"z\":0,\"width\":821,\"height\":594,\"tabOrder\":0}}],\"singleVisual\":{\"visualType\":\"lineChart\",\"drillFilterOtherVisuals\":true,\"vcObjects\":{\"background\":[{\"properties\":{\"color\":{\"solid\":{\"color\":{\"expr\":{\"Literal\":{\"Value\":\"'#ffffff'\"}}}}},\"transparency\":{\"expr\":{\"Literal\":{\"Value\":\"0D\"}}},\"show\":{\"expr\":{\"Literal\":{\"Value\":\"false\"}}}}}]}}}",
          "height": 594.00,
          "width": 821.00,
          "x": 16.00,
          "y": 96.00,
          "z": 0.00
        },
        {
          "config": "{\"name\":\"textbox01394140821211158\",\"layouts\":[{\"id\":0,\"position\":{\"x\":10,\"y\":10,\"z\":2000,\"width\":180,\"height\":50,\"tabOrder\":2000}}],\"singleVisual\":{\"visualType\":\"textbox\",\"drillFilterOtherVisuals\":true,\"objects\":{\"general\":[{\"properties\":{\"paragraphs\":[{\"textRuns\":[{\"value\":\"\",\"textStyle\":{\"fontFamily\":\"Arial\",\"fontSize\":\"11pt\",\"fontWeight\":\"normal\",\"color\":\"#000000\",\"textDecoration\":\"none\",\"fontStyle\":\"normal\"}}]}]}}]}}}",
          "height": 50.00,
          "width": 180.00,
          "x": 10.00,
          "y": 10.00,
          "z": 2000.00
        }
      ],
      "width": 1280.00
    }
  ]
}